"","scout","match","robot","team","start_pos","no_show","auto_type","auto_bump","auto_climb","auto_cycles","teleop_trench","teleop_bump","num_cycles","num_cycles_tenths","endgame_climb","climb_less_than_5","inactive_strat","driver_rating","died","solo_shooting","card","comments"
"1","MH",1,"R1",623,"C",FALSE,"",FALSE,FALSE,0,0,0,0,0,"No",FALSE,"",3,FALSE,FALSE,"No Card",""
"2","MH",1,"R2",836,"M",FALSE,"",FALSE,FALSE,0,0,0,0,0,"No",FALSE,"",3,FALSE,FALSE,"No Card",""
"3","MH",1,"R3",5115,"F",FALSE,"",FALSE,FALSE,0,0,0,0,0,"No",FALSE,"",3,FALSE,FALSE,"No Card",""
"4","MH",1,"B1",2199,"C",FALSE,"",FALSE,FALSE,0,0,0,0,0,"No",FALSE,"",3,FALSE,FALSE,"No Card",""
"5","MH",1,"B2",8622,"M",FALSE,"",FALSE,FALSE,0,0,0,0,0,"No",FALSE,"",3,FALSE,FALSE,"No Card",""
"6","MH",1,"B3",11350,"F",FALSE,"",FALSE,FALSE,0,0,0,0,0,"No",FALSE,"",3,FALSE,FALSE,"No Card",""
"7","MH",2,"R1",7886,"C",FALSE,"",FALSE,FALSE,0,0,0,0,0,"No",FALSE,"",3,FALSE,FALSE,"No Card",""
"8","MH",2,"R2",9072,"M",FALSE,"",FALSE,FALSE,0,0,0,0,0,"No",FALSE,"",3,FALSE,FALSE,"No Card",""
"9","MH",2,"R3",4505,"F",FALSE,"",FALSE,FALSE,0,0,0,0,0,"No",FALSE,"",3,FALSE,FALSE,"No Card",""
"10","MH",2,"B1",2421,"C",FALSE,"",FALSE,FALSE,0,0,0,0,0,"No",FALSE,"",3,FALSE,FALSE,"No Card",""
"11","MH",2,"B2",2900,"M",FALSE,"",FALSE,FALSE,0,0,0,0,0,"No",FALSE,"",3,FALSE,FALSE,"No Card",""
"12","MH",2,"B3",6863,"F",FALSE,"",FALSE,FALSE,0,0,0,0,0,"No",FALSE,"",3,FALSE,FALSE,"No Card",""
"13","MH",3,"R1",10679,"C",FALSE,"",FALSE,FALSE,0,0,0,0,0,"No",FALSE,"",3,FALSE,FALSE,"No Card",""
"14","MH",3,"R2",2537,"M",FALSE,"",FALSE,FALSE,0,0,0,0,0,"No",FALSE,"",3,FALSE,FALSE,"No Card",""
"15","MH",3,"R3",9033,"F",FALSE,"",FALSE,FALSE,0,0,0,0,0,"No",FALSE,"",3,FALSE,FALSE,"No Card",""
"16","MH",3,"B1",1719,"C",FALSE,"",FALSE,FALSE,0,0,0,0,0,"No",FALSE,"",3,FALSE,FALSE,"No Card",""
"17","MH",3,"B2",1418,"M",FALSE,"",FALSE,FALSE,0,0,0,0,0,"No",FALSE,"",3,FALSE,FALSE,"No Card",""
"18","MH",3,"B3",8590,"F",FALSE,"",FALSE,FALSE,0,0,0,0,0,"No",FALSE,"",3,FALSE,FALSE,"No Card",""
"19","MH",4,"R1",4541,"C",FALSE,"",FALSE,FALSE,0,0,0,0,0,"No",FALSE,"",3,FALSE,FALSE,"No Card",""
"20","MH",4,"R2",686,"M",FALSE,"",FALSE,FALSE,0,0,0,0,0,"No",FALSE,"",3,FALSE,FALSE,"No Card",""
"21","MH",4,"R3",614,"F",FALSE,"",FALSE,FALSE,0,0,0,0,0,"No",FALSE,"",3,FALSE,FALSE,"No Card",""
"22","MH",4,"B1",5830,"C",FALSE,"",FALSE,FALSE,0,0,0,0,0,"No",FALSE,"",3,FALSE,FALSE,"No Card",""
"23","MH",4,"B2",7770,"M",FALSE,"",FALSE,FALSE,0,0,0,0,0,"No",FALSE,"",3,FALSE,FALSE,"No Card",""
"24","MH",4,"B3",3748,"F",FALSE,"",FALSE,FALSE,0,0,0,0,0,"No",FALSE,"",3,FALSE,FALSE,"No Card",""
"25","MH",5,"R1",1629,"C",FALSE,"",FALSE,FALSE,0,0,0,0,0,"No",FALSE,"",3,FALSE,FALSE,"No Card",""
"26","MH",5,"R2",888,"M",FALSE,"",FALSE,FALSE,0,0,0,0,0,"No",FALSE,"",3,FALSE,FALSE,"No Card",""
"27","MH",5,"R3",1111,"F",FALSE,"",FALSE,FALSE,0,0,0,0,0,"No",FALSE,"",3,FALSE,FALSE,"No Card",""
"28","MH",5,"B1",6326,"C",FALSE,"",FALSE,FALSE,0,0,0,0,0,"No",FALSE,"",3,FALSE,FALSE,"No Card",""
"29","MH",5,"B2",4464,"M",FALSE,"",FALSE,FALSE,0,0,0,0,0,"No",FALSE,"",3,FALSE,FALSE,"No Card",""
"30","MH",5,"B3",8726,"F",FALSE,"",FALSE,FALSE,0,0,0,0,0,"No",FALSE,"",3,FALSE,FALSE,"No Card",""
"31","MH",6,"R1",6239,"C",FALSE,"",FALSE,FALSE,0,0,0,0,0,"No",FALSE,"",3,FALSE,FALSE,"No Card",""
"32","MH",6,"R2",2849,"M",FALSE,"",FALSE,FALSE,0,0,0,0,0,"No",FALSE,"",3,FALSE,FALSE,"No Card",""
"33","MH",6,"R3",4505,"F",FALSE,"",FALSE,FALSE,0,0,0,0,0,"No",FALSE,"",3,FALSE,FALSE,"No Card",""
"34","MH",6,"B1",4821,"C",FALSE,"",FALSE,FALSE,0,0,0,0,0,"No",FALSE,"",3,FALSE,FALSE,"No Card",""
"35","MH",6,"B2",5841,"M",FALSE,"",FALSE,FALSE,0,0,0,0,0,"No",FALSE,"",3,FALSE,FALSE,"No Card",""
"36","MH",6,"B3",8590,"F",FALSE,"",FALSE,FALSE,0,0,0,0,0,"No",FALSE,"",3,FALSE,FALSE,"No Card",""
"37","MH",7,"R1",2421,"C",FALSE,"",FALSE,FALSE,0,0,0,0,0,"No",FALSE,"",3,FALSE,FALSE,"No Card",""
"38","MH",7,"R2",7886,"M",FALSE,"",FALSE,FALSE,0,0,0,0,0,"No",FALSE,"",3,FALSE,FALSE,"No Card",""
"39","MH",7,"R3",7770,"F",FALSE,"",FALSE,FALSE,0,0,0,0,0,"No",FALSE,"",3,FALSE,FALSE,"No Card",""
"40","MH",7,"B1",10679,"C",FALSE,"",FALSE,FALSE,0,0,0,0,0,"No",FALSE,"",3,FALSE,FALSE,"No Card",""
"41","MH",7,"B2",2199,"M",FALSE,"",FALSE,FALSE,0,0,0,0,0,"No",FALSE,"",3,FALSE,FALSE,"No Card",""
"42","MH",7,"B3",1719,"F",FALSE,"",FALSE,FALSE,0,0,0,0,0,"No",FALSE,"",3,FALSE,FALSE,"No Card",""
"43","MH",8,"R1",4464,"C",FALSE,"",FALSE,FALSE,0,0,0,0,0,"No",FALSE,"",3,FALSE,FALSE,"No Card",""
"44","MH",8,"R2",1418,"M",FALSE,"",FALSE,FALSE,0,0,0,0,0,"No",FALSE,"",3,FALSE,FALSE,"No Card",""
"45","MH",8,"R3",2900,"F",FALSE,"",FALSE,FALSE,0,0,0,0,0,"No",FALSE,"",3,FALSE,FALSE,"No Card",""
"46","MH",8,"B1",8726,"C",FALSE,"",FALSE,FALSE,0,0,0,0,0,"No",FALSE,"",3,FALSE,FALSE,"No Card",""
"47","MH",8,"B2",9072,"M",FALSE,"",FALSE,FALSE,0,0,0,0,0,"No",FALSE,"",3,FALSE,FALSE,"No Card",""
"48","MH",8,"B3",888,"F",FALSE,"",FALSE,FALSE,0,0,0,0,0,"No",FALSE,"",3,FALSE,FALSE,"No Card",""
"49","MH",9,"R1",5841,"C",FALSE,"",FALSE,FALSE,0,0,0,0,0,"No",FALSE,"",3,FALSE,FALSE,"No Card",""
"50","MH",9,"R2",3748,"M",FALSE,"",FALSE,FALSE,0,0,0,0,0,"No",FALSE,"",3,FALSE,FALSE,"No Card",""
"51","MH",9,"R3",2849,"F",FALSE,"",FALSE,FALSE,0,0,0,0,0,"No",FALSE,"",3,FALSE,FALSE,"No Card",""
"52","MH",9,"B1",1629,"C",FALSE,"",FALSE,FALSE,0,0,0,0,0,"No",FALSE,"",3,FALSE,FALSE,"No Card",""
"53","MH",9,"B2",5115,"M",FALSE,"",FALSE,FALSE,0,0,0,0,0,"No",FALSE,"",3,FALSE,FALSE,"No Card",""
"54","MH",9,"B3",5830,"F",FALSE,"",FALSE,FALSE,0,0,0,0,0,"No",FALSE,"",3,FALSE,FALSE,"No Card",""
"55","MH",10,"R1",4821,"C",FALSE,"",FALSE,FALSE,0,0,0,0,0,"No",FALSE,"",3,FALSE,FALSE,"No Card",""
"56","MH",10,"R2",4541,"M",FALSE,"",FALSE,FALSE,0,0,0,0,0,"No",FALSE,"",3,FALSE,FALSE,"No Card",""
"57","MH",10,"R3",6863,"F",FALSE,"",FALSE,FALSE,0,0,0,0,0,"No",FALSE,"",3,FALSE,FALSE,"No Card",""
"58","MH",10,"B1",1111,"C",FALSE,"",FALSE,FALSE,0,0,0,0,0,"No",FALSE,"",3,FALSE,FALSE,"No Card",""
"59","MH",10,"B2",11350,"M",FALSE,"",FALSE,FALSE,0,0,0,0,0,"No",FALSE,"",3,FALSE,FALSE,"No Card",""
"60","MH",10,"B3",2537,"F",FALSE,"",FALSE,FALSE,0,0,0,0,0,"No",FALSE,"",3,FALSE,FALSE,"No Card",""
"61","MH",11,"R1",8622,"C",FALSE,"",FALSE,FALSE,0,0,0,0,0,"No",FALSE,"",3,FALSE,FALSE,"No Card",""
"62","MH",11,"R2",623,"M",FALSE,"",FALSE,FALSE,0,0,0,0,0,"No",FALSE,"",3,FALSE,FALSE,"No Card",""
"63","MH",11,"R3",686,"F",FALSE,"",FALSE,FALSE,0,0,0,0,0,"No",FALSE,"",3,FALSE,FALSE,"No Card",""
"64","MH",11,"B1",6326,"C",FALSE,"",FALSE,FALSE,0,0,0,0,0,"No",FALSE,"",3,FALSE,FALSE,"No Card",""
"65","MH",11,"B2",6239,"M",FALSE,"",FALSE,FALSE,0,0,0,0,0,"No",FALSE,"",3,FALSE,FALSE,"No Card",""
"66","MH",11,"B3",9033,"F",FALSE,"",FALSE,FALSE,0,0,0,0,0,"No",FALSE,"",3,FALSE,FALSE,"No Card",""
"67","MH",12,"R1",614,"C",FALSE,"",FALSE,FALSE,0,0,0,0,0,"No",FALSE,"",3,FALSE,FALSE,"No Card",""
"68","MH",12,"R2",1719,"M",FALSE,"",FALSE,FALSE,0,0,0,0,0,"No",FALSE,"",3,FALSE,FALSE,"No Card",""
"69","MH",12,"R3",9072,"F",FALSE,"",FALSE,FALSE,0,0,0,0,0,"No",FALSE,"",3,FALSE,FALSE,"No Card",""
"70","MH",12,"B1",5830,"C",FALSE,"",FALSE,FALSE,0,0,0,0,0,"No",FALSE,"",3,FALSE,FALSE,"No Card",""
"71","MH",12,"B2",836,"M",FALSE,"",FALSE,FALSE,0,0,0,0,0,"No",FALSE,"",3,FALSE,FALSE,"No Card",""
"72","MH",12,"B3",1418,"F",FALSE,"",FALSE,FALSE,0,0,0,0,0,"No",FALSE,"",3,FALSE,FALSE,"No Card",""
"73","MH",13,"R1",7770,"C",FALSE,"",FALSE,FALSE,0,0,0,0,0,"No",FALSE,"",3,FALSE,FALSE,"No Card",""
"74","MH",13,"R2",2537,"M",FALSE,"",FALSE,FALSE,0,0,0,0,0,"No",FALSE,"",3,FALSE,FALSE,"No Card",""
"75","MH",13,"R3",4541,"F",FALSE,"",FALSE,FALSE,0,0,0,0,0,"No",FALSE,"",3,FALSE,FALSE,"No Card",""
"76","MH",13,"B1",11350,"C",FALSE,"",FALSE,FALSE,0,0,0,0,0,"No",FALSE,"",3,FALSE,FALSE,"No Card",""
"77","MH",13,"B2",7886,"M",FALSE,"",FALSE,FALSE,0,0,0,0,0,"No",FALSE,"",3,FALSE,FALSE,"No Card",""
"78","MH",13,"B3",1629,"F",FALSE,"",FALSE,FALSE,0,0,0,0,0,"No",FALSE,"",3,FALSE,FALSE,"No Card",""
"79","MH",14,"R1",4464,"C",FALSE,"",FALSE,FALSE,0,0,0,0,0,"No",FALSE,"",3,FALSE,FALSE,"No Card",""
"80","MH",14,"R2",5841,"M",FALSE,"",FALSE,FALSE,0,0,0,0,0,"No",FALSE,"",3,FALSE,FALSE,"No Card",""
"81","MH",14,"R3",686,"F",FALSE,"",FALSE,FALSE,0,0,0,0,0,"No",FALSE,"",3,FALSE,FALSE,"No Card",""
"82","MH",14,"B1",8622,"C",FALSE,"",FALSE,FALSE,0,0,0,0,0,"No",FALSE,"",3,FALSE,FALSE,"No Card",""
"83","MH",14,"B2",4505,"M",FALSE,"",FALSE,FALSE,0,0,0,0,0,"No",FALSE,"",3,FALSE,FALSE,"No Card",""
"84","MH",14,"B3",1111,"F",FALSE,"",FALSE,FALSE,0,0,0,0,0,"No",FALSE,"",3,FALSE,FALSE,"No Card",""
"85","MH",15,"R1",836,"C",FALSE,"",FALSE,FALSE,0,0,0,0,0,"No",FALSE,"",3,FALSE,FALSE,"No Card",""
"86","MH",15,"R2",10679,"M",FALSE,"",FALSE,FALSE,0,0,0,0,0,"No",FALSE,"",3,FALSE,FALSE,"No Card",""
"87","MH",15,"R3",6326,"F",FALSE,"",FALSE,FALSE,0,0,0,0,0,"No",FALSE,"",3,FALSE,FALSE,"No Card",""
"88","MH",15,"B1",5115,"C",FALSE,"",FALSE,FALSE,0,0,0,0,0,"No",FALSE,"",3,FALSE,FALSE,"No Card",""
"89","MH",15,"B2",4821,"M",FALSE,"",FALSE,FALSE,0,0,0,0,0,"No",FALSE,"",3,FALSE,FALSE,"No Card",""
"90","MH",15,"B3",2900,"F",FALSE,"",FALSE,FALSE,0,0,0,0,0,"No",FALSE,"",3,FALSE,FALSE,"No Card",""
"91","MH",16,"R1",3748,"C",FALSE,"",FALSE,FALSE,0,0,0,0,0,"No",FALSE,"",3,FALSE,FALSE,"No Card",""
"92","MH",16,"R2",2421,"M",FALSE,"",FALSE,FALSE,0,0,0,0,0,"No",FALSE,"",3,FALSE,FALSE,"No Card",""
"93","MH",16,"R3",888,"F",FALSE,"",FALSE,FALSE,0,0,0,0,0,"No",FALSE,"",3,FALSE,FALSE,"No Card",""
"94","MH",16,"B1",6863,"C",FALSE,"",FALSE,FALSE,0,0,0,0,0,"No",FALSE,"",3,FALSE,FALSE,"No Card",""
"95","MH",16,"B2",8590,"M",FALSE,"",FALSE,FALSE,0,0,0,0,0,"No",FALSE,"",3,FALSE,FALSE,"No Card",""
"96","MH",16,"B3",2199,"F",FALSE,"",FALSE,FALSE,0,0,0,0,0,"No",FALSE,"",3,FALSE,FALSE,"No Card",""
"97","MH",17,"R1",623,"C",FALSE,"",FALSE,FALSE,0,0,0,0,0,"No",FALSE,"",3,FALSE,FALSE,"No Card",""
"98","MH",17,"R2",6239,"M",FALSE,"",FALSE,FALSE,0,0,0,0,0,"No",FALSE,"",3,FALSE,FALSE,"No Card",""
"99","MH",17,"R3",8726,"F",FALSE,"",FALSE,FALSE,0,0,0,0,0,"No",FALSE,"",3,FALSE,FALSE,"No Card",""
"100","MH",17,"B1",9033,"C",FALSE,"",FALSE,FALSE,0,0,0,0,0,"No",FALSE,"",3,FALSE,FALSE,"No Card",""
"101","MH",17,"B2",614,"M",FALSE,"",FALSE,FALSE,0,0,0,0,0,"No",FALSE,"",3,FALSE,FALSE,"No Card",""
"102","MH",17,"B3",2849,"F",FALSE,"",FALSE,FALSE,0,0,0,0,0,"No",FALSE,"",3,FALSE,FALSE,"No Card",""
"103","MH",18,"R1",5115,"C",FALSE,"",FALSE,FALSE,0,0,0,0,0,"No",FALSE,"",3,FALSE,FALSE,"No Card",""
"104","MH",18,"R2",5841,"M",FALSE,"",FALSE,FALSE,0,0,0,0,0,"No",FALSE,"",3,FALSE,FALSE,"No Card",""
"105","MH",18,"R3",7886,"F",FALSE,"",FALSE,FALSE,0,0,0,0,0,"No",FALSE,"",3,FALSE,FALSE,"No Card",""
"106","MH",18,"B1",1629,"C",FALSE,"",FALSE,FALSE,0,0,0,0,0,"No",FALSE,"",3,FALSE,FALSE,"No Card",""
"107","MH",18,"B2",686,"M",FALSE,"",FALSE,FALSE,0,0,0,0,0,"No",FALSE,"",3,FALSE,FALSE,"No Card",""
"108","MH",18,"B3",4821,"F",FALSE,"",FALSE,FALSE,0,0,0,0,0,"No",FALSE,"",3,FALSE,FALSE,"No Card",""
"109","MH",19,"R1",1111,"C",FALSE,"",FALSE,FALSE,0,0,0,0,0,"No",FALSE,"",3,FALSE,FALSE,"No Card",""
"110","MH",19,"R2",9072,"M",FALSE,"",FALSE,FALSE,0,0,0,0,0,"No",FALSE,"",3,FALSE,FALSE,"No Card",""
"111","MH",19,"R3",7770,"F",FALSE,"",FALSE,FALSE,0,0,0,0,0,"No",FALSE,"",3,FALSE,FALSE,"No Card",""
"112","MH",19,"B1",3748,"C",FALSE,"",FALSE,FALSE,0,0,0,0,0,"No",FALSE,"",3,FALSE,FALSE,"No Card",""
"113","MH",19,"B2",10679,"M",FALSE,"",FALSE,FALSE,0,0,0,0,0,"No",FALSE,"",3,FALSE,FALSE,"No Card",""
"114","MH",19,"B3",2900,"F",FALSE,"",FALSE,FALSE,0,0,0,0,0,"No",FALSE,"",3,FALSE,FALSE,"No Card",""
"115","MH",20,"R1",8590,"C",FALSE,"",FALSE,FALSE,0,0,0,0,0,"No",FALSE,"",3,FALSE,FALSE,"No Card",""
"116","MH",20,"R2",9033,"M",FALSE,"",FALSE,FALSE,0,0,0,0,0,"No",FALSE,"",3,FALSE,FALSE,"No Card",""
"117","MH",20,"R3",11350,"F",FALSE,"",FALSE,FALSE,0,0,0,0,0,"No",FALSE,"",3,FALSE,FALSE,"No Card",""
"118","MH",20,"B1",836,"C",FALSE,"",FALSE,FALSE,0,0,0,0,0,"No",FALSE,"",3,FALSE,FALSE,"No Card",""
"119","MH",20,"B2",2421,"M",FALSE,"",FALSE,FALSE,0,0,0,0,0,"No",FALSE,"",3,FALSE,FALSE,"No Card",""
"120","MH",20,"B3",6239,"F",FALSE,"",FALSE,FALSE,0,0,0,0,0,"No",FALSE,"",3,FALSE,FALSE,"No Card",""
"121","MH",21,"R1",1719,"C",FALSE,"",FALSE,FALSE,0,0,0,0,0,"No",FALSE,"",3,FALSE,FALSE,"No Card",""
"122","MH",21,"R2",623,"M",FALSE,"",FALSE,FALSE,0,0,0,0,0,"No",FALSE,"",3,FALSE,FALSE,"No Card",""
"123","MH",21,"R3",5830,"F",FALSE,"",FALSE,FALSE,0,0,0,0,0,"No",FALSE,"",3,FALSE,FALSE,"No Card",""
"124","MH",21,"B1",6326,"C",FALSE,"",FALSE,FALSE,0,0,0,0,0,"No",FALSE,"",3,FALSE,FALSE,"No Card",""
"125","MH",21,"B2",888,"M",FALSE,"",FALSE,FALSE,0,0,0,0,0,"No",FALSE,"",3,FALSE,FALSE,"No Card",""
"126","MH",21,"B3",4541,"F",FALSE,"",FALSE,FALSE,0,0,0,0,0,"No",FALSE,"",3,FALSE,FALSE,"No Card",""
"127","MH",22,"R1",614,"C",FALSE,"",FALSE,FALSE,0,0,0,0,0,"No",FALSE,"",3,FALSE,FALSE,"No Card",""
"128","MH",22,"R2",4505,"M",FALSE,"",FALSE,FALSE,0,0,0,0,0,"No",FALSE,"",3,FALSE,FALSE,"No Card",""
"129","MH",22,"R3",2537,"F",FALSE,"",FALSE,FALSE,0,0,0,0,0,"No",FALSE,"",3,FALSE,FALSE,"No Card",""
"130","MH",22,"B1",2849,"C",FALSE,"",FALSE,FALSE,0,0,0,0,0,"No",FALSE,"",3,FALSE,FALSE,"No Card",""
"131","MH",22,"B2",2199,"M",FALSE,"",FALSE,FALSE,0,0,0,0,0,"No",FALSE,"",3,FALSE,FALSE,"No Card",""
"132","MH",22,"B3",4464,"F",FALSE,"",FALSE,FALSE,0,0,0,0,0,"No",FALSE,"",3,FALSE,FALSE,"No Card",""
"133","MH",23,"R1",6863,"C",FALSE,"",FALSE,FALSE,0,0,0,0,0,"No",FALSE,"",3,FALSE,FALSE,"No Card",""
"134","MH",23,"R2",1418,"M",FALSE,"",FALSE,FALSE,0,0,0,0,0,"No",FALSE,"",3,FALSE,FALSE,"No Card",""
"135","MH",23,"R3",1629,"F",FALSE,"",FALSE,FALSE,0,0,0,0,0,"No",FALSE,"",3,FALSE,FALSE,"No Card",""
"136","MH",23,"B1",8726,"C",FALSE,"",FALSE,FALSE,0,0,0,0,0,"No",FALSE,"",3,FALSE,FALSE,"No Card",""
"137","MH",23,"B2",8622,"M",FALSE,"",FALSE,FALSE,0,0,0,0,0,"No",FALSE,"",3,FALSE,FALSE,"No Card",""
"138","MH",23,"B3",3748,"F",FALSE,"",FALSE,FALSE,0,0,0,0,0,"No",FALSE,"",3,FALSE,FALSE,"No Card",""
"139","MH",24,"R1",686,"C",FALSE,"",FALSE,FALSE,0,0,0,0,0,"No",FALSE,"",3,FALSE,FALSE,"No Card",""
"140","MH",24,"R2",6326,"M",FALSE,"",FALSE,FALSE,0,0,0,0,0,"No",FALSE,"",3,FALSE,FALSE,"No Card",""
"141","MH",24,"R3",5830,"F",FALSE,"",FALSE,FALSE,0,0,0,0,0,"No",FALSE,"",3,FALSE,FALSE,"No Card",""
"142","MH",24,"B1",5115,"C",FALSE,"",FALSE,FALSE,0,0,0,0,0,"No",FALSE,"",3,FALSE,FALSE,"No Card",""
"143","MH",24,"B2",2421,"M",FALSE,"",FALSE,FALSE,0,0,0,0,0,"No",FALSE,"",3,FALSE,FALSE,"No Card",""
"144","MH",24,"B3",9033,"F",FALSE,"",FALSE,FALSE,0,0,0,0,0,"No",FALSE,"",3,FALSE,FALSE,"No Card",""
"145","MH",25,"R1",2900,"C",FALSE,"",FALSE,FALSE,0,0,0,0,0,"No",FALSE,"",3,FALSE,FALSE,"No Card",""
"146","MH",25,"R2",11350,"M",FALSE,"",FALSE,FALSE,0,0,0,0,0,"No",FALSE,"",3,FALSE,FALSE,"No Card",""
"147","MH",25,"R3",623,"F",FALSE,"",FALSE,FALSE,0,0,0,0,0,"No",FALSE,"",3,FALSE,FALSE,"No Card",""
"148","MH",25,"B1",5841,"C",FALSE,"",FALSE,FALSE,0,0,0,0,0,"No",FALSE,"",3,FALSE,FALSE,"No Card",""
"149","MH",25,"B2",7770,"M",FALSE,"",FALSE,FALSE,0,0,0,0,0,"No",FALSE,"",3,FALSE,FALSE,"No Card",""
"150","MH",25,"B3",4505,"F",FALSE,"",FALSE,FALSE,0,0,0,0,0,"No",FALSE,"",3,FALSE,FALSE,"No Card",""
"151","MH",26,"R1",836,"C",FALSE,"",FALSE,FALSE,0,0,0,0,0,"No",FALSE,"",3,FALSE,FALSE,"No Card",""
"152","MH",26,"R2",2849,"M",FALSE,"",FALSE,FALSE,0,0,0,0,0,"No",FALSE,"",3,FALSE,FALSE,"No Card",""
"153","MH",26,"R3",1719,"F",FALSE,"",FALSE,FALSE,0,0,0,0,0,"No",FALSE,"",3,FALSE,FALSE,"No Card",""
"154","MH",26,"B1",888,"C",FALSE,"",FALSE,FALSE,0,0,0,0,0,"No",FALSE,"",3,FALSE,FALSE,"No Card",""
"155","MH",26,"B2",4821,"M",FALSE,"",FALSE,FALSE,0,0,0,0,0,"No",FALSE,"",3,FALSE,FALSE,"No Card",""
"156","MH",26,"B3",7886,"F",FALSE,"",FALSE,FALSE,0,0,0,0,0,"No",FALSE,"",3,FALSE,FALSE,"No Card",""
"157","MH",27,"R1",2537,"C",FALSE,"",FALSE,FALSE,0,0,0,0,0,"No",FALSE,"",3,FALSE,FALSE,"No Card",""
"158","MH",27,"R2",8726,"M",FALSE,"",FALSE,FALSE,0,0,0,0,0,"No",FALSE,"",3,FALSE,FALSE,"No Card",""
"159","MH",27,"R3",6863,"F",FALSE,"",FALSE,FALSE,0,0,0,0,0,"No",FALSE,"",3,FALSE,FALSE,"No Card",""
"160","MH",27,"B1",10679,"C",FALSE,"",FALSE,FALSE,0,0,0,0,0,"No",FALSE,"",3,FALSE,FALSE,"No Card",""
"161","MH",27,"B2",6239,"M",FALSE,"",FALSE,FALSE,0,0,0,0,0,"No",FALSE,"",3,FALSE,FALSE,"No Card",""
"162","MH",27,"B3",614,"F",FALSE,"",FALSE,FALSE,0,0,0,0,0,"No",FALSE,"",3,FALSE,FALSE,"No Card",""
"163","MH",28,"R1",2199,"C",FALSE,"",FALSE,FALSE,0,0,0,0,0,"No",FALSE,"",3,FALSE,FALSE,"No Card",""
"164","MH",28,"R2",4541,"M",FALSE,"",FALSE,FALSE,0,0,0,0,0,"No",FALSE,"",3,FALSE,FALSE,"No Card",""
"165","MH",28,"R3",1418,"F",FALSE,"",FALSE,FALSE,0,0,0,0,0,"No",FALSE,"",3,FALSE,FALSE,"No Card",""
"166","MH",28,"B1",8590,"C",FALSE,"",FALSE,FALSE,0,0,0,0,0,"No",FALSE,"",3,FALSE,FALSE,"No Card",""
"167","MH",28,"B2",1111,"M",FALSE,"",FALSE,FALSE,0,0,0,0,0,"No",FALSE,"",3,FALSE,FALSE,"No Card",""
"168","MH",28,"B3",4464,"F",FALSE,"",FALSE,FALSE,0,0,0,0,0,"No",FALSE,"",3,FALSE,FALSE,"No Card",""
"169","MH",29,"R1",1719,"C",FALSE,"",FALSE,FALSE,0,0,0,0,0,"No",FALSE,"",3,FALSE,FALSE,"No Card",""
"170","MH",29,"R2",7886,"M",FALSE,"",FALSE,FALSE,0,0,0,0,0,"No",FALSE,"",3,FALSE,FALSE,"No Card",""
"171","MH",29,"R3",8622,"F",FALSE,"",FALSE,FALSE,0,0,0,0,0,"No",FALSE,"",3,FALSE,FALSE,"No Card",""
"172","MH",29,"B1",623,"C",FALSE,"",FALSE,FALSE,0,0,0,0,0,"No",FALSE,"",3,FALSE,FALSE,"No Card",""
"173","MH",29,"B2",3748,"M",FALSE,"",FALSE,FALSE,0,0,0,0,0,"No",FALSE,"",3,FALSE,FALSE,"No Card",""
"174","MH",29,"B3",9072,"F",FALSE,"",FALSE,FALSE,0,0,0,0,0,"No",FALSE,"",3,FALSE,FALSE,"No Card",""
"175","MH",30,"R1",1629,"C",FALSE,"",FALSE,FALSE,0,0,0,0,0,"No",FALSE,"",3,FALSE,FALSE,"No Card",""
"176","MH",30,"R2",614,"M",FALSE,"",FALSE,FALSE,0,0,0,0,0,"No",FALSE,"",3,FALSE,FALSE,"No Card",""
"177","MH",30,"R3",2421,"F",FALSE,"",FALSE,FALSE,0,0,0,0,0,"No",FALSE,"",3,FALSE,FALSE,"No Card",""
"178","MH",30,"B1",4821,"C",FALSE,"",FALSE,FALSE,0,0,0,0,0,"No",FALSE,"",3,FALSE,FALSE,"No Card",""
"179","MH",30,"B2",836,"M",FALSE,"",FALSE,FALSE,0,0,0,0,0,"No",FALSE,"",3,FALSE,FALSE,"No Card",""
"180","MH",30,"B3",2537,"F",FALSE,"",FALSE,FALSE,0,0,0,0,0,"No",FALSE,"",3,FALSE,FALSE,"No Card",""
"181","MH",31,"R1",4505,"C",FALSE,"",FALSE,FALSE,0,0,0,0,0,"No",FALSE,"",3,FALSE,FALSE,"No Card",""
"182","MH",31,"R2",6863,"M",FALSE,"",FALSE,FALSE,0,0,0,0,0,"No",FALSE,"",3,FALSE,FALSE,"No Card",""
"183","MH",31,"R3",10679,"F",FALSE,"",FALSE,FALSE,0,0,0,0,0,"No",FALSE,"",3,FALSE,FALSE,"No Card",""
"184","MH",31,"B1",1418,"C",FALSE,"",FALSE,FALSE,0,0,0,0,0,"No",FALSE,"",3,FALSE,FALSE,"No Card",""
"185","MH",31,"B2",6326,"M",FALSE,"",FALSE,FALSE,0,0,0,0,0,"No",FALSE,"",3,FALSE,FALSE,"No Card",""
"186","MH",31,"B3",5841,"F",FALSE,"",FALSE,FALSE,0,0,0,0,0,"No",FALSE,"",3,FALSE,FALSE,"No Card",""
"187","MH",32,"R1",7770,"C",FALSE,"",FALSE,FALSE,0,0,0,0,0,"No",FALSE,"",3,FALSE,FALSE,"No Card",""
"188","MH",32,"R2",8726,"M",FALSE,"",FALSE,FALSE,0,0,0,0,0,"No",FALSE,"",3,FALSE,FALSE,"No Card",""
"189","MH",32,"R3",8590,"F",FALSE,"",FALSE,FALSE,0,0,0,0,0,"No",FALSE,"",3,FALSE,FALSE,"No Card",""
"190","MH",32,"B1",9072,"C",FALSE,"",FALSE,FALSE,0,0,0,0,0,"No",FALSE,"",3,FALSE,FALSE,"No Card",""
"191","MH",32,"B2",6239,"M",FALSE,"",FALSE,FALSE,0,0,0,0,0,"No",FALSE,"",3,FALSE,FALSE,"No Card",""
"192","MH",32,"B3",5115,"F",FALSE,"",FALSE,FALSE,0,0,0,0,0,"No",FALSE,"",3,FALSE,FALSE,"No Card",""
"193","MH",33,"R1",9033,"C",FALSE,"",FALSE,FALSE,0,0,0,0,0,"No",FALSE,"",3,FALSE,FALSE,"No Card",""
"194","MH",33,"R2",4464,"M",FALSE,"",FALSE,FALSE,0,0,0,0,0,"No",FALSE,"",3,FALSE,FALSE,"No Card",""
"195","MH",33,"R3",8622,"F",FALSE,"",FALSE,FALSE,0,0,0,0,0,"No",FALSE,"",3,FALSE,FALSE,"No Card",""
"196","MH",33,"B1",4541,"C",FALSE,"",FALSE,FALSE,0,0,0,0,0,"No",FALSE,"",3,FALSE,FALSE,"No Card",""
"197","MH",33,"B2",11350,"M",FALSE,"",FALSE,FALSE,0,0,0,0,0,"No",FALSE,"",3,FALSE,FALSE,"No Card",""
"198","MH",33,"B3",5830,"F",FALSE,"",FALSE,FALSE,0,0,0,0,0,"No",FALSE,"",3,FALSE,FALSE,"No Card",""
"199","MH",34,"R1",2900,"C",FALSE,"",FALSE,FALSE,0,0,0,0,0,"No",FALSE,"",3,FALSE,FALSE,"No Card",""
"200","MH",34,"R2",1111,"M",FALSE,"",FALSE,FALSE,0,0,0,0,0,"No",FALSE,"",3,FALSE,FALSE,"No Card",""
"201","MH",34,"R3",2199,"F",FALSE,"",FALSE,FALSE,0,0,0,0,0,"No",FALSE,"",3,FALSE,FALSE,"No Card",""
"202","MH",34,"B1",686,"C",FALSE,"",FALSE,FALSE,0,0,0,0,0,"No",FALSE,"",3,FALSE,FALSE,"No Card",""
"203","MH",34,"B2",2849,"M",FALSE,"",FALSE,FALSE,0,0,0,0,0,"No",FALSE,"",3,FALSE,FALSE,"No Card",""
"204","MH",34,"B3",888,"F",FALSE,"",FALSE,FALSE,0,0,0,0,0,"No",FALSE,"",3,FALSE,FALSE,"No Card",""
"205","MH",35,"R1",8590,"C",FALSE,"",FALSE,FALSE,0,0,0,0,0,"No",FALSE,"",3,FALSE,FALSE,"No Card",""
"206","MH",35,"R2",4505,"M",FALSE,"",FALSE,FALSE,0,0,0,0,0,"No",FALSE,"",3,FALSE,FALSE,"No Card",""
"207","MH",35,"R3",836,"F",FALSE,"",FALSE,FALSE,0,0,0,0,0,"No",FALSE,"",3,FALSE,FALSE,"No Card",""
"208","MH",35,"B1",6863,"C",FALSE,"",FALSE,FALSE,0,0,0,0,0,"No",FALSE,"",3,FALSE,FALSE,"No Card",""
"209","MH",35,"B2",6326,"M",FALSE,"",FALSE,FALSE,0,0,0,0,0,"No",FALSE,"",3,FALSE,FALSE,"No Card",""
"210","MH",35,"B3",7770,"F",FALSE,"",FALSE,FALSE,0,0,0,0,0,"No",FALSE,"",3,FALSE,FALSE,"No Card",""
"211","MH",36,"R1",4464,"C",FALSE,"",FALSE,FALSE,0,0,0,0,0,"No",FALSE,"",3,FALSE,FALSE,"No Card",""
"212","MH",36,"R2",1629,"M",FALSE,"",FALSE,FALSE,0,0,0,0,0,"No",FALSE,"",3,FALSE,FALSE,"No Card",""
"213","MH",36,"R3",6239,"F",FALSE,"",FALSE,FALSE,0,0,0,0,0,"No",FALSE,"",3,FALSE,FALSE,"No Card",""
"214","MH",36,"B1",1719,"C",FALSE,"",FALSE,FALSE,0,0,0,0,0,"No",FALSE,"",3,FALSE,FALSE,"No Card",""
"215","MH",36,"B2",5115,"M",FALSE,"",FALSE,FALSE,0,0,0,0,0,"No",FALSE,"",3,FALSE,FALSE,"No Card",""
"216","MH",36,"B3",3748,"F",FALSE,"",FALSE,FALSE,0,0,0,0,0,"No",FALSE,"",3,FALSE,FALSE,"No Card",""
"217","MH",37,"R1",1111,"C",FALSE,"",FALSE,FALSE,0,0,0,0,0,"No",FALSE,"",3,FALSE,FALSE,"No Card",""
"218","MH",37,"R2",5830,"M",FALSE,"",FALSE,FALSE,0,0,0,0,0,"No",FALSE,"",3,FALSE,FALSE,"No Card",""
"219","MH",37,"R3",8726,"F",FALSE,"",FALSE,FALSE,0,0,0,0,0,"No",FALSE,"",3,FALSE,FALSE,"No Card",""
"220","MH",37,"B1",7886,"C",FALSE,"",FALSE,FALSE,0,0,0,0,0,"No",FALSE,"",3,FALSE,FALSE,"No Card",""
"221","MH",37,"B2",2537,"M",FALSE,"",FALSE,FALSE,0,0,0,0,0,"No",FALSE,"",3,FALSE,FALSE,"No Card",""
"222","MH",37,"B3",623,"F",FALSE,"",FALSE,FALSE,0,0,0,0,0,"No",FALSE,"",3,FALSE,FALSE,"No Card",""
"223","MH",38,"R1",5841,"C",FALSE,"",FALSE,FALSE,0,0,0,0,0,"No",FALSE,"",3,FALSE,FALSE,"No Card",""
"224","MH",38,"R2",9033,"M",FALSE,"",FALSE,FALSE,0,0,0,0,0,"No",FALSE,"",3,FALSE,FALSE,"No Card",""
"225","MH",38,"R3",2199,"F",FALSE,"",FALSE,FALSE,0,0,0,0,0,"No",FALSE,"",3,FALSE,FALSE,"No Card",""
"226","MH",38,"B1",2849,"C",FALSE,"",FALSE,FALSE,0,0,0,0,0,"No",FALSE,"",3,FALSE,FALSE,"No Card",""
"227","MH",38,"B2",2900,"M",FALSE,"",FALSE,FALSE,0,0,0,0,0,"No",FALSE,"",3,FALSE,FALSE,"No Card",""
"228","MH",38,"B3",4541,"F",FALSE,"",FALSE,FALSE,0,0,0,0,0,"No",FALSE,"",3,FALSE,FALSE,"No Card",""
"229","MH",39,"R1",888,"C",FALSE,"",FALSE,FALSE,0,0,0,0,0,"No",FALSE,"",3,FALSE,FALSE,"No Card",""
"230","MH",39,"R2",614,"M",FALSE,"",FALSE,FALSE,0,0,0,0,0,"No",FALSE,"",3,FALSE,FALSE,"No Card",""
"231","MH",39,"R3",11350,"F",FALSE,"",FALSE,FALSE,0,0,0,0,0,"No",FALSE,"",3,FALSE,FALSE,"No Card",""
"232","MH",39,"B1",686,"C",FALSE,"",FALSE,FALSE,0,0,0,0,0,"No",FALSE,"",3,FALSE,FALSE,"No Card",""
"233","MH",39,"B2",10679,"M",FALSE,"",FALSE,FALSE,0,0,0,0,0,"No",FALSE,"",3,FALSE,FALSE,"No Card",""
"234","MH",39,"B3",9072,"F",FALSE,"",FALSE,FALSE,0,0,0,0,0,"No",FALSE,"",3,FALSE,FALSE,"No Card",""
"235","MH",40,"R1",2421,"C",FALSE,"",FALSE,FALSE,0,0,0,0,0,"No",FALSE,"",3,FALSE,FALSE,"No Card",""
"236","MH",40,"R2",4821,"M",FALSE,"",FALSE,FALSE,0,0,0,0,0,"No",FALSE,"",3,FALSE,FALSE,"No Card",""
"237","MH",40,"R3",623,"F",FALSE,"",FALSE,FALSE,0,0,0,0,0,"No",FALSE,"",3,FALSE,FALSE,"No Card",""
"238","MH",40,"B1",1418,"C",FALSE,"",FALSE,FALSE,0,0,0,0,0,"No",FALSE,"",3,FALSE,FALSE,"No Card",""
"239","MH",40,"B2",8622,"M",FALSE,"",FALSE,FALSE,0,0,0,0,0,"No",FALSE,"",3,FALSE,FALSE,"No Card",""
"240","MH",40,"B3",2537,"F",FALSE,"",FALSE,FALSE,0,0,0,0,0,"No",FALSE,"",3,FALSE,FALSE,"No Card",""
"241","MH",41,"R1",6239,"C",FALSE,"",FALSE,FALSE,0,0,0,0,0,"No",FALSE,"",3,FALSE,FALSE,"No Card",""
"242","MH",41,"R2",5841,"M",FALSE,"",FALSE,FALSE,0,0,0,0,0,"No",FALSE,"",3,FALSE,FALSE,"No Card",""
"243","MH",41,"R3",1111,"F",FALSE,"",FALSE,FALSE,0,0,0,0,0,"No",FALSE,"",3,FALSE,FALSE,"No Card",""
"244","MH",41,"B1",836,"C",FALSE,"",FALSE,FALSE,0,0,0,0,0,"No",FALSE,"",3,FALSE,FALSE,"No Card",""
"245","MH",41,"B2",2199,"M",FALSE,"",FALSE,FALSE,0,0,0,0,0,"No",FALSE,"",3,FALSE,FALSE,"No Card",""
"246","MH",41,"B3",1629,"F",FALSE,"",FALSE,FALSE,0,0,0,0,0,"No",FALSE,"",3,FALSE,FALSE,"No Card",""
"247","MH",42,"R1",5830,"C",FALSE,"",FALSE,FALSE,0,0,0,0,0,"No",FALSE,"",3,FALSE,FALSE,"No Card",""
"248","MH",42,"R2",4464,"M",FALSE,"",FALSE,FALSE,0,0,0,0,0,"No",FALSE,"",3,FALSE,FALSE,"No Card",""
"249","MH",42,"R3",10679,"F",FALSE,"",FALSE,FALSE,0,0,0,0,0,"No",FALSE,"",3,FALSE,FALSE,"No Card",""
"250","MH",42,"B1",7886,"C",FALSE,"",FALSE,FALSE,0,0,0,0,0,"No",FALSE,"",3,FALSE,FALSE,"No Card",""
"251","MH",42,"B2",8590,"M",FALSE,"",FALSE,FALSE,0,0,0,0,0,"No",FALSE,"",3,FALSE,FALSE,"No Card",""
"252","MH",42,"B3",686,"F",FALSE,"",FALSE,FALSE,0,0,0,0,0,"No",FALSE,"",3,FALSE,FALSE,"No Card",""
"253","MH",43,"R1",4541,"C",FALSE,"",FALSE,FALSE,0,0,0,0,0,"No",FALSE,"",3,FALSE,FALSE,"No Card",""
"254","MH",43,"R2",5115,"M",FALSE,"",FALSE,FALSE,0,0,0,0,0,"No",FALSE,"",3,FALSE,FALSE,"No Card",""
"255","MH",43,"R3",8726,"F",FALSE,"",FALSE,FALSE,0,0,0,0,0,"No",FALSE,"",3,FALSE,FALSE,"No Card",""
"256","MH",43,"B1",4505,"C",FALSE,"",FALSE,FALSE,0,0,0,0,0,"No",FALSE,"",3,FALSE,FALSE,"No Card",""
"257","MH",43,"B2",2421,"M",FALSE,"",FALSE,FALSE,0,0,0,0,0,"No",FALSE,"",3,FALSE,FALSE,"No Card",""
"258","MH",43,"B3",1719,"F",FALSE,"",FALSE,FALSE,0,0,0,0,0,"No",FALSE,"",3,FALSE,FALSE,"No Card",""
"259","MH",44,"R1",2849,"C",FALSE,"",FALSE,FALSE,0,0,0,0,0,"No",FALSE,"",3,FALSE,FALSE,"No Card",""
"260","MH",44,"R2",6863,"M",FALSE,"",FALSE,FALSE,0,0,0,0,0,"No",FALSE,"",3,FALSE,FALSE,"No Card",""
"261","MH",44,"R3",8622,"F",FALSE,"",FALSE,FALSE,0,0,0,0,0,"No",FALSE,"",3,FALSE,FALSE,"No Card",""
"262","MH",44,"B1",9072,"C",FALSE,"",FALSE,FALSE,0,0,0,0,0,"No",FALSE,"",3,FALSE,FALSE,"No Card",""
"263","MH",44,"B2",4821,"M",FALSE,"",FALSE,FALSE,0,0,0,0,0,"No",FALSE,"",3,FALSE,FALSE,"No Card",""
"264","MH",44,"B3",6326,"F",FALSE,"",FALSE,FALSE,0,0,0,0,0,"No",FALSE,"",3,FALSE,FALSE,"No Card",""
"265","MH",45,"R1",9033,"C",FALSE,"",FALSE,FALSE,0,0,0,0,0,"No",FALSE,"",3,FALSE,FALSE,"No Card",""
"266","MH",45,"R2",3748,"M",FALSE,"",FALSE,FALSE,0,0,0,0,0,"No",FALSE,"",3,FALSE,FALSE,"No Card",""
"267","MH",45,"R3",1418,"F",FALSE,"",FALSE,FALSE,0,0,0,0,0,"No",FALSE,"",3,FALSE,FALSE,"No Card",""
"268","MH",45,"B1",7770,"C",FALSE,"",FALSE,FALSE,0,0,0,0,0,"No",FALSE,"",3,FALSE,FALSE,"No Card",""
"269","MH",45,"B2",2900,"M",FALSE,"",FALSE,FALSE,0,0,0,0,0,"No",FALSE,"",3,FALSE,FALSE,"No Card",""
"270","MH",45,"B3",614,"F",FALSE,"",FALSE,FALSE,0,0,0,0,0,"No",FALSE,"",3,FALSE,FALSE,"No Card",""
"271","MH",46,"R1",888,"C",FALSE,"",FALSE,FALSE,0,0,0,0,0,"No",FALSE,"",3,FALSE,FALSE,"No Card",""
"272","MH",46,"R2",8590,"M",FALSE,"",FALSE,FALSE,0,0,0,0,0,"No",FALSE,"",3,FALSE,FALSE,"No Card",""
"273","MH",46,"R3",623,"F",FALSE,"",FALSE,FALSE,0,0,0,0,0,"No",FALSE,"",3,FALSE,FALSE,"No Card",""
"274","MH",46,"B1",11350,"C",FALSE,"",FALSE,FALSE,0,0,0,0,0,"No",FALSE,"",3,FALSE,FALSE,"No Card",""
"275","MH",46,"B2",686,"M",FALSE,"",FALSE,FALSE,0,0,0,0,0,"No",FALSE,"",3,FALSE,FALSE,"No Card",""
"276","MH",46,"B3",2421,"F",FALSE,"",FALSE,FALSE,0,0,0,0,0,"No",FALSE,"",3,FALSE,FALSE,"No Card",""
"277","MH",47,"R1",2849,"C",FALSE,"",FALSE,FALSE,0,0,0,0,0,"No",FALSE,"",3,FALSE,FALSE,"No Card",""
"278","MH",47,"R2",6326,"M",FALSE,"",FALSE,FALSE,0,0,0,0,0,"No",FALSE,"",3,FALSE,FALSE,"No Card",""
"279","MH",47,"R3",5115,"F",FALSE,"",FALSE,FALSE,0,0,0,0,0,"No",FALSE,"",3,FALSE,FALSE,"No Card",""
"280","MH",47,"B1",2537,"C",FALSE,"",FALSE,FALSE,0,0,0,0,0,"No",FALSE,"",3,FALSE,FALSE,"No Card",""
"281","MH",47,"B2",9072,"M",FALSE,"",FALSE,FALSE,0,0,0,0,0,"No",FALSE,"",3,FALSE,FALSE,"No Card",""
"282","MH",47,"B3",4464,"F",FALSE,"",FALSE,FALSE,0,0,0,0,0,"No",FALSE,"",3,FALSE,FALSE,"No Card",""
"283","MH",48,"R1",1418,"C",FALSE,"",FALSE,FALSE,0,0,0,0,0,"No",FALSE,"",3,FALSE,FALSE,"No Card",""
"284","MH",48,"R2",10679,"M",FALSE,"",FALSE,FALSE,0,0,0,0,0,"No",FALSE,"",3,FALSE,FALSE,"No Card",""
"285","MH",48,"R3",1111,"F",FALSE,"",FALSE,FALSE,0,0,0,0,0,"No",FALSE,"",3,FALSE,FALSE,"No Card",""
"286","MH",48,"B1",7770,"C",FALSE,"",FALSE,FALSE,0,0,0,0,0,"No",FALSE,"",3,FALSE,FALSE,"No Card",""
"287","MH",48,"B2",1629,"M",FALSE,"",FALSE,FALSE,0,0,0,0,0,"No",FALSE,"",3,FALSE,FALSE,"No Card",""
"288","MH",48,"B3",8622,"F",FALSE,"",FALSE,FALSE,0,0,0,0,0,"No",FALSE,"",3,FALSE,FALSE,"No Card",""
"289","MH",49,"R1",6863,"C",FALSE,"",FALSE,FALSE,0,0,0,0,0,"No",FALSE,"",3,FALSE,FALSE,"No Card",""
"290","MH",49,"R2",7886,"M",FALSE,"",FALSE,FALSE,0,0,0,0,0,"No",FALSE,"",3,FALSE,FALSE,"No Card",""
"291","MH",49,"R3",3748,"F",FALSE,"",FALSE,FALSE,0,0,0,0,0,"No",FALSE,"",3,FALSE,FALSE,"No Card",""
"292","MH",49,"B1",4505,"C",FALSE,"",FALSE,FALSE,0,0,0,0,0,"No",FALSE,"",3,FALSE,FALSE,"No Card",""
"293","MH",49,"B2",9033,"M",FALSE,"",FALSE,FALSE,0,0,0,0,0,"No",FALSE,"",3,FALSE,FALSE,"No Card",""
"294","MH",49,"B3",4541,"F",FALSE,"",FALSE,FALSE,0,0,0,0,0,"No",FALSE,"",3,FALSE,FALSE,"No Card",""
"295","MH",50,"R1",6239,"C",FALSE,"",FALSE,FALSE,0,0,0,0,0,"No",FALSE,"",3,FALSE,FALSE,"No Card",""
"296","MH",50,"R2",2199,"M",FALSE,"",FALSE,FALSE,0,0,0,0,0,"No",FALSE,"",3,FALSE,FALSE,"No Card",""
"297","MH",50,"R3",4821,"F",FALSE,"",FALSE,FALSE,0,0,0,0,0,"No",FALSE,"",3,FALSE,FALSE,"No Card",""
"298","MH",50,"B1",5830,"C",FALSE,"",FALSE,FALSE,0,0,0,0,0,"No",FALSE,"",3,FALSE,FALSE,"No Card",""
"299","MH",50,"B2",888,"M",FALSE,"",FALSE,FALSE,0,0,0,0,0,"No",FALSE,"",3,FALSE,FALSE,"No Card",""
"300","MH",50,"B3",2900,"F",FALSE,"",FALSE,FALSE,0,0,0,0,0,"No",FALSE,"",3,FALSE,FALSE,"No Card",""
"301","MH",51,"R1",5841,"C",FALSE,"",FALSE,FALSE,0,0,0,0,0,"No",FALSE,"",3,FALSE,FALSE,"No Card",""
"302","MH",51,"R2",1719,"M",FALSE,"",FALSE,FALSE,0,0,0,0,0,"No",FALSE,"",3,FALSE,FALSE,"No Card",""
"303","MH",51,"R3",11350,"F",FALSE,"",FALSE,FALSE,0,0,0,0,0,"No",FALSE,"",3,FALSE,FALSE,"No Card",""
"304","MH",51,"B1",8726,"C",FALSE,"",FALSE,FALSE,0,0,0,0,0,"No",FALSE,"",3,FALSE,FALSE,"No Card",""
"305","MH",51,"B2",614,"M",FALSE,"",FALSE,FALSE,0,0,0,0,0,"No",FALSE,"",3,FALSE,FALSE,"No Card",""
"306","MH",51,"B3",836,"F",FALSE,"",FALSE,FALSE,0,0,0,0,0,"No",FALSE,"",3,FALSE,FALSE,"No Card",""
"307","MH",52,"R1",8590,"C",FALSE,"",FALSE,FALSE,0,0,0,0,0,"No",FALSE,"",3,FALSE,FALSE,"No Card",""
"308","MH",52,"R2",1629,"M",FALSE,"",FALSE,FALSE,0,0,0,0,0,"No",FALSE,"",3,FALSE,FALSE,"No Card",""
"309","MH",52,"R3",10679,"F",FALSE,"",FALSE,FALSE,0,0,0,0,0,"No",FALSE,"",3,FALSE,FALSE,"No Card",""
"310","MH",52,"B1",623,"C",FALSE,"",FALSE,FALSE,0,0,0,0,0,"No",FALSE,"",3,FALSE,FALSE,"No Card",""
"311","MH",52,"B2",4464,"M",FALSE,"",FALSE,FALSE,0,0,0,0,0,"No",FALSE,"",3,FALSE,FALSE,"No Card",""
"312","MH",52,"B3",4505,"F",FALSE,"",FALSE,FALSE,0,0,0,0,0,"No",FALSE,"",3,FALSE,FALSE,"No Card",""
"313","MH",53,"R1",4821,"C",FALSE,"",FALSE,FALSE,0,0,0,0,0,"No",FALSE,"",3,FALSE,FALSE,"No Card",""
"314","MH",53,"R2",5830,"M",FALSE,"",FALSE,FALSE,0,0,0,0,0,"No",FALSE,"",3,FALSE,FALSE,"No Card",""
"315","MH",53,"R3",2849,"F",FALSE,"",FALSE,FALSE,0,0,0,0,0,"No",FALSE,"",3,FALSE,FALSE,"No Card",""
"316","MH",53,"B1",686,"C",FALSE,"",FALSE,FALSE,0,0,0,0,0,"No",FALSE,"",3,FALSE,FALSE,"No Card",""
"317","MH",53,"B2",7770,"M",FALSE,"",FALSE,FALSE,0,0,0,0,0,"No",FALSE,"",3,FALSE,FALSE,"No Card",""
"318","MH",53,"B3",9033,"F",FALSE,"",FALSE,FALSE,0,0,0,0,0,"No",FALSE,"",3,FALSE,FALSE,"No Card",""
"319","MH",54,"R1",11350,"C",FALSE,"",FALSE,FALSE,0,0,0,0,0,"No",FALSE,"",3,FALSE,FALSE,"No Card",""
"320","MH",54,"R2",3748,"M",FALSE,"",FALSE,FALSE,0,0,0,0,0,"No",FALSE,"",3,FALSE,FALSE,"No Card",""
"321","MH",54,"R3",6326,"F",FALSE,"",FALSE,FALSE,0,0,0,0,0,"No",FALSE,"",3,FALSE,FALSE,"No Card",""
"322","MH",54,"B1",6239,"C",FALSE,"",FALSE,FALSE,0,0,0,0,0,"No",FALSE,"",3,FALSE,FALSE,"No Card",""
"323","MH",54,"B2",1418,"M",FALSE,"",FALSE,FALSE,0,0,0,0,0,"No",FALSE,"",3,FALSE,FALSE,"No Card",""
"324","MH",54,"B3",7886,"F",FALSE,"",FALSE,FALSE,0,0,0,0,0,"No",FALSE,"",3,FALSE,FALSE,"No Card",""
"325","MH",55,"R1",2900,"C",FALSE,"",FALSE,FALSE,0,0,0,0,0,"No",FALSE,"",3,FALSE,FALSE,"No Card",""
"326","MH",55,"R2",2537,"M",FALSE,"",FALSE,FALSE,0,0,0,0,0,"No",FALSE,"",3,FALSE,FALSE,"No Card",""
"327","MH",55,"R3",1719,"F",FALSE,"",FALSE,FALSE,0,0,0,0,0,"No",FALSE,"",3,FALSE,FALSE,"No Card",""
"328","MH",55,"B1",8622,"C",FALSE,"",FALSE,FALSE,0,0,0,0,0,"No",FALSE,"",3,FALSE,FALSE,"No Card",""
"329","MH",55,"B2",888,"M",FALSE,"",FALSE,FALSE,0,0,0,0,0,"No",FALSE,"",3,FALSE,FALSE,"No Card",""
"330","MH",55,"B3",5841,"F",FALSE,"",FALSE,FALSE,0,0,0,0,0,"No",FALSE,"",3,FALSE,FALSE,"No Card",""
"331","MH",56,"R1",2199,"C",FALSE,"",FALSE,FALSE,0,0,0,0,0,"No",FALSE,"",3,FALSE,FALSE,"No Card",""
"332","MH",56,"R2",8726,"M",FALSE,"",FALSE,FALSE,0,0,0,0,0,"No",FALSE,"",3,FALSE,FALSE,"No Card",""
"333","MH",56,"R3",2421,"F",FALSE,"",FALSE,FALSE,0,0,0,0,0,"No",FALSE,"",3,FALSE,FALSE,"No Card",""
"334","MH",56,"B1",9072,"C",FALSE,"",FALSE,FALSE,0,0,0,0,0,"No",FALSE,"",3,FALSE,FALSE,"No Card",""
"335","MH",56,"B2",6863,"M",FALSE,"",FALSE,FALSE,0,0,0,0,0,"No",FALSE,"",3,FALSE,FALSE,"No Card",""
"336","MH",56,"B3",836,"F",FALSE,"",FALSE,FALSE,0,0,0,0,0,"No",FALSE,"",3,FALSE,FALSE,"No Card",""
"337","MH",57,"R1",614,"C",FALSE,"",FALSE,FALSE,0,0,0,0,0,"No",FALSE,"",3,FALSE,FALSE,"No Card",""
"338","MH",57,"R2",5115,"M",FALSE,"",FALSE,FALSE,0,0,0,0,0,"No",FALSE,"",3,FALSE,FALSE,"No Card",""
"339","MH",57,"R3",1418,"F",FALSE,"",FALSE,FALSE,0,0,0,0,0,"No",FALSE,"",3,FALSE,FALSE,"No Card",""
"340","MH",57,"B1",1111,"C",FALSE,"",FALSE,FALSE,0,0,0,0,0,"No",FALSE,"",3,FALSE,FALSE,"No Card",""
"341","MH",57,"B2",4541,"M",FALSE,"",FALSE,FALSE,0,0,0,0,0,"No",FALSE,"",3,FALSE,FALSE,"No Card",""
"342","MH",57,"B3",7886,"F",FALSE,"",FALSE,FALSE,0,0,0,0,0,"No",FALSE,"",3,FALSE,FALSE,"No Card",""
"343","MH",58,"R1",4505,"C",FALSE,"",FALSE,FALSE,0,0,0,0,0,"No",FALSE,"",3,FALSE,FALSE,"No Card",""
"344","MH",58,"R2",2900,"M",FALSE,"",FALSE,FALSE,0,0,0,0,0,"No",FALSE,"",3,FALSE,FALSE,"No Card",""
"345","MH",58,"R3",6326,"F",FALSE,"",FALSE,FALSE,0,0,0,0,0,"No",FALSE,"",3,FALSE,FALSE,"No Card",""
"346","MH",58,"B1",2537,"C",FALSE,"",FALSE,FALSE,0,0,0,0,0,"No",FALSE,"",3,FALSE,FALSE,"No Card",""
"347","MH",58,"B2",5830,"M",FALSE,"",FALSE,FALSE,0,0,0,0,0,"No",FALSE,"",3,FALSE,FALSE,"No Card",""
"348","MH",58,"B3",8590,"F",FALSE,"",FALSE,FALSE,0,0,0,0,0,"No",FALSE,"",3,FALSE,FALSE,"No Card",""
"349","MH",59,"R1",3748,"C",FALSE,"",FALSE,FALSE,0,0,0,0,0,"No",FALSE,"",3,FALSE,FALSE,"No Card",""
"350","MH",59,"R2",836,"M",FALSE,"",FALSE,FALSE,0,0,0,0,0,"No",FALSE,"",3,FALSE,FALSE,"No Card",""
"351","MH",59,"R3",686,"F",FALSE,"",FALSE,FALSE,0,0,0,0,0,"No",FALSE,"",3,FALSE,FALSE,"No Card",""
"352","MH",59,"B1",8726,"C",FALSE,"",FALSE,FALSE,0,0,0,0,0,"No",FALSE,"",3,FALSE,FALSE,"No Card",""
"353","MH",59,"B2",1719,"M",FALSE,"",FALSE,FALSE,0,0,0,0,0,"No",FALSE,"",3,FALSE,FALSE,"No Card",""
"354","MH",59,"B3",4821,"F",FALSE,"",FALSE,FALSE,0,0,0,0,0,"No",FALSE,"",3,FALSE,FALSE,"No Card",""
"355","MH",60,"R1",888,"C",FALSE,"",FALSE,FALSE,0,0,0,0,0,"No",FALSE,"",3,FALSE,FALSE,"No Card",""
"356","MH",60,"R2",7770,"M",FALSE,"",FALSE,FALSE,0,0,0,0,0,"No",FALSE,"",3,FALSE,FALSE,"No Card",""
"357","MH",60,"R3",4464,"F",FALSE,"",FALSE,FALSE,0,0,0,0,0,"No",FALSE,"",3,FALSE,FALSE,"No Card",""
"358","MH",60,"B1",8622,"C",FALSE,"",FALSE,FALSE,0,0,0,0,0,"No",FALSE,"",3,FALSE,FALSE,"No Card",""
"359","MH",60,"B2",4541,"M",FALSE,"",FALSE,FALSE,0,0,0,0,0,"No",FALSE,"",3,FALSE,FALSE,"No Card",""
"360","MH",60,"B3",6239,"F",FALSE,"",FALSE,FALSE,0,0,0,0,0,"No",FALSE,"",3,FALSE,FALSE,"No Card",""
"361","MH",61,"R1",9072,"C",FALSE,"",FALSE,FALSE,0,0,0,0,0,"No",FALSE,"",3,FALSE,FALSE,"No Card",""
"362","MH",61,"R2",1629,"M",FALSE,"",FALSE,FALSE,0,0,0,0,0,"No",FALSE,"",3,FALSE,FALSE,"No Card",""
"363","MH",61,"R3",5841,"F",FALSE,"",FALSE,FALSE,0,0,0,0,0,"No",FALSE,"",3,FALSE,FALSE,"No Card",""
"364","MH",61,"B1",9033,"C",FALSE,"",FALSE,FALSE,0,0,0,0,0,"No",FALSE,"",3,FALSE,FALSE,"No Card",""
"365","MH",61,"B2",623,"M",FALSE,"",FALSE,FALSE,0,0,0,0,0,"No",FALSE,"",3,FALSE,FALSE,"No Card",""
"366","MH",61,"B3",6863,"F",FALSE,"",FALSE,FALSE,0,0,0,0,0,"No",FALSE,"",3,FALSE,FALSE,"No Card",""
"367","MH",62,"R1",5115,"C",FALSE,"",FALSE,FALSE,0,0,0,0,0,"No",FALSE,"",3,FALSE,FALSE,"No Card",""
"368","MH",62,"R2",11350,"M",FALSE,"",FALSE,FALSE,0,0,0,0,0,"No",FALSE,"",3,FALSE,FALSE,"No Card",""
"369","MH",62,"R3",10679,"F",FALSE,"",FALSE,FALSE,0,0,0,0,0,"No",FALSE,"",3,FALSE,FALSE,"No Card",""
"370","MH",62,"B1",2421,"C",FALSE,"",FALSE,FALSE,0,0,0,0,0,"No",FALSE,"",3,FALSE,FALSE,"No Card",""
"371","MH",62,"B2",1111,"M",FALSE,"",FALSE,FALSE,0,0,0,0,0,"No",FALSE,"",3,FALSE,FALSE,"No Card",""
"372","MH",62,"B3",2849,"F",FALSE,"",FALSE,FALSE,0,0,0,0,0,"No",FALSE,"",3,FALSE,FALSE,"No Card",""
"373","MH",63,"R1",614,"C",FALSE,"",FALSE,FALSE,0,0,0,0,0,"No",FALSE,"",3,FALSE,FALSE,"No Card",""
"374","MH",63,"R2",8622,"M",FALSE,"",FALSE,FALSE,0,0,0,0,0,"No",FALSE,"",3,FALSE,FALSE,"No Card",""
"375","MH",63,"R3",4821,"F",FALSE,"",FALSE,FALSE,0,0,0,0,0,"No",FALSE,"",3,FALSE,FALSE,"No Card",""
"376","MH",63,"B1",2199,"C",FALSE,"",FALSE,FALSE,0,0,0,0,0,"No",FALSE,"",3,FALSE,FALSE,"No Card",""
"377","MH",63,"B2",4505,"M",FALSE,"",FALSE,FALSE,0,0,0,0,0,"No",FALSE,"",3,FALSE,FALSE,"No Card",""
"378","MH",63,"B3",888,"F",FALSE,"",FALSE,FALSE,0,0,0,0,0,"No",FALSE,"",3,FALSE,FALSE,"No Card",""
"379","MH",64,"R1",2537,"C",FALSE,"",FALSE,FALSE,0,0,0,0,0,"No",FALSE,"",3,FALSE,FALSE,"No Card",""
"380","MH",64,"R2",686,"M",FALSE,"",FALSE,FALSE,0,0,0,0,0,"No",FALSE,"",3,FALSE,FALSE,"No Card",""
"381","MH",64,"R3",6239,"F",FALSE,"",FALSE,FALSE,0,0,0,0,0,"No",FALSE,"",3,FALSE,FALSE,"No Card",""
"382","MH",64,"B1",1418,"C",FALSE,"",FALSE,FALSE,0,0,0,0,0,"No",FALSE,"",3,FALSE,FALSE,"No Card",""
"383","MH",64,"B2",623,"M",FALSE,"",FALSE,FALSE,0,0,0,0,0,"No",FALSE,"",3,FALSE,FALSE,"No Card",""
"384","MH",64,"B3",7770,"F",FALSE,"",FALSE,FALSE,0,0,0,0,0,"No",FALSE,"",3,FALSE,FALSE,"No Card",""
"385","MH",65,"R1",11350,"C",FALSE,"",FALSE,FALSE,0,0,0,0,0,"No",FALSE,"",3,FALSE,FALSE,"No Card",""
"386","MH",65,"R2",2849,"M",FALSE,"",FALSE,FALSE,0,0,0,0,0,"No",FALSE,"",3,FALSE,FALSE,"No Card",""
"387","MH",65,"R3",9072,"F",FALSE,"",FALSE,FALSE,0,0,0,0,0,"No",FALSE,"",3,FALSE,FALSE,"No Card",""
"388","MH",65,"B1",4541,"C",FALSE,"",FALSE,FALSE,0,0,0,0,0,"No",FALSE,"",3,FALSE,FALSE,"No Card",""
"389","MH",65,"B2",1719,"M",FALSE,"",FALSE,FALSE,0,0,0,0,0,"No",FALSE,"",3,FALSE,FALSE,"No Card",""
"390","MH",65,"B3",1629,"F",FALSE,"",FALSE,FALSE,0,0,0,0,0,"No",FALSE,"",3,FALSE,FALSE,"No Card",""
"391","MH",66,"R1",2900,"C",FALSE,"",FALSE,FALSE,0,0,0,0,0,"No",FALSE,"",3,FALSE,FALSE,"No Card",""
"392","MH",66,"R2",9033,"M",FALSE,"",FALSE,FALSE,0,0,0,0,0,"No",FALSE,"",3,FALSE,FALSE,"No Card",""
"393","MH",66,"R3",836,"F",FALSE,"",FALSE,FALSE,0,0,0,0,0,"No",FALSE,"",3,FALSE,FALSE,"No Card",""
"394","MH",66,"B1",4464,"C",FALSE,"",FALSE,FALSE,0,0,0,0,0,"No",FALSE,"",3,FALSE,FALSE,"No Card",""
"395","MH",66,"B2",6863,"M",FALSE,"",FALSE,FALSE,0,0,0,0,0,"No",FALSE,"",3,FALSE,FALSE,"No Card",""
"396","MH",66,"B3",5115,"F",FALSE,"",FALSE,FALSE,0,0,0,0,0,"No",FALSE,"",3,FALSE,FALSE,"No Card",""
"397","MH",67,"R1",7886,"C",FALSE,"",FALSE,FALSE,0,0,0,0,0,"No",FALSE,"",3,FALSE,FALSE,"No Card",""
"398","MH",67,"R2",5830,"M",FALSE,"",FALSE,FALSE,0,0,0,0,0,"No",FALSE,"",3,FALSE,FALSE,"No Card",""
"399","MH",67,"R3",2199,"F",FALSE,"",FALSE,FALSE,0,0,0,0,0,"No",FALSE,"",3,FALSE,FALSE,"No Card",""
"400","MH",67,"B1",10679,"C",FALSE,"",FALSE,FALSE,0,0,0,0,0,"No",FALSE,"",3,FALSE,FALSE,"No Card",""
"401","MH",67,"B2",8726,"M",FALSE,"",FALSE,FALSE,0,0,0,0,0,"No",FALSE,"",3,FALSE,FALSE,"No Card",""
"402","MH",67,"B3",5841,"F",FALSE,"",FALSE,FALSE,0,0,0,0,0,"No",FALSE,"",3,FALSE,FALSE,"No Card",""
"403","MH",68,"R1",6326,"C",FALSE,"",FALSE,FALSE,0,0,0,0,0,"No",FALSE,"",3,FALSE,FALSE,"No Card",""
"404","MH",68,"R2",8590,"M",FALSE,"",FALSE,FALSE,0,0,0,0,0,"No",FALSE,"",3,FALSE,FALSE,"No Card",""
"405","MH",68,"R3",2421,"F",FALSE,"",FALSE,FALSE,0,0,0,0,0,"No",FALSE,"",3,FALSE,FALSE,"No Card",""
"406","MH",68,"B1",3748,"C",FALSE,"",FALSE,FALSE,0,0,0,0,0,"No",FALSE,"",3,FALSE,FALSE,"No Card",""
"407","MH",68,"B2",1111,"M",FALSE,"",FALSE,FALSE,0,0,0,0,0,"No",FALSE,"",3,FALSE,FALSE,"No Card",""
"408","MH",68,"B3",614,"F",FALSE,"",FALSE,FALSE,0,0,0,0,0,"No",FALSE,"",3,FALSE,FALSE,"No Card",""
